ITEM_WID,AMOUNT,QUARTER_NAME,TYPE
10054,0.000000000000,2024-Q1,Gaap Doi
10069,0.000000000000,2024-Q2,DOI
10058,348006.229242000000,2024-Q1,Net Inventory
10007,411.000000000000,2024-Q3,Standard COGS
10064,118071.897675000000,2024-Q1,Gaap Actual Cogs
10007,0.000000000000,2024-Q3,Gaap Doi
10006,0.000000000000,2024-Q2,Standard COGS
10027,0.000000000000,2024-Q3,DOI
10043,-492104.368230400000,2024-Q2,Gaap Actual Cogs
10023,762371.087508000000,2024-Q3,Net Inventory
10072,411.000000000000,2024-Q1,Net Inventory
10008,292589.843923250000,2024-Q3,Standard COGS
10024,0.000000000000,2024-Q1,Gaap Adjustment Cogs
10026,0.000000000000,2024-Q1,COGS
10004,-35.035468160000,2024-Q2,Gaap Doi
10028,0.000000000000,2024-Q1,Gaap Doi
10090,2722283.012250000000,2024-Q1,COGS
10078,47.481778400000,2024-Q2,DOI
10078,0.000000000000,2024-Q3,Gaap Adjustment Cogs
10031,193786.999647500000,2024-Q3,Net Inventory
10082,113.320000000000,2024-Q3,Net Inventory
10060,1568992.694870000000,2024-Q1,Net Inventory
10053,72728.444467200000,2024-Q3,Standard COGS
10019,110710.492800000000,2024-Q3,Standard COGS
10056,0.000000000000,2024-Q3,Gaap Adjustment Cogs
10092,92740.442440000000,2024-Q1,Gaap Adjustment Cogs
10087,101.921330575000,2024-Q3,DOI
10072,0.000000000000,2024-Q3,Ending Gross Inventory
10006,0.000000000000,2024-Q2,Standard COGS
10035,12134543.064160000000,2024-Q1,Ending Gross Inventory
10045,159343.476119000000,2024-Q1,Net Inventory
10026,0.000000000000,2024-Q1,Gaap Actual Cogs
10040,0.000000000000,2024-Q1,COGS
10021,2.723537160000,2024-Q2,Gaap Doi
10034,44834.986280000000,2024-Q3,Gaap Adjustment Cogs
10094,0.000000000000,2024-Q3,Standard COGS
10100,0.000000000000,2024-Q3,Gaap Doi
10065,-240623.487360000000,2024-Q3,COGS
10019,142158.252462700000,2024-Q3,COGS
10072,24019.880000000000,2024-Q3,COGS
10001,44.567667925000,2024-Q3,DOI
10090,1366168.787510000000,2024-Q3,Standard COGS
10034,172.315708560000,2024-Q1,Gaap Doi
10059,101317.070940000000,2024-Q3,Gaap Adjustment Cogs
10003,0.000000000000,2024-Q1,DOI
10072,16740.265720000000,2024-Q3,Gaap Adjustment Cogs
10010,-11433.367280190000,2024-Q3,DOI
10009,2277606.347854000000,2024-Q3,COGS
10077,0.000000000000,2024-Q1,DOI
10028,-723.278580360000,2024-Q1,DOI
10020,1983632.281060000000,2024-Q1,Ending Gross Inventory
10072,20343.705480000000,2024-Q1,Gaap Adjustment Cogs
10027,157.866926730000,2024-Q2,DOI
10049,-12839.163107900000,2024-Q3,DOI
10030,1756331.356640000000,2024-Q1,Ending Gross Inventory
10041,6762457.530620000000,2024-Q2,COGS
10010,0.024366000000,2024-Q1,Inventory Adjustments
10041,4422.934422000000,2024-Q1,Inventory Adjustments
10076,1081745.654384000000,2024-Q3,Inventory Adjustments
10041,0.000000000000,2024-Q3,Gaap Doi
10085,0.000000000000,2024-Q3,Ending Gross Inventory
10015,36960.739720000000,2024-Q1,Gaap Actual Cogs
10027,0.000000000000,2024-Q1,Ending Gross Inventory
10068,0.000000000000,2024-Q1,COGS
10012,0.000000000000,2024-Q2,Standard COGS
10068,0.000000000000,2024-Q3,DOI
10024,0.000000000000,2024-Q3,DOI
10005,94.916933250000,2024-Q3,DOI
10061,0.000000000000,2024-Q2,Gaap Doi
10039,-0.020000000000,2024-Q3,Net Inventory
10033,0.000000000000,2024-Q3,Gaap Doi
10074,2213517.284923200000,2024-Q3,Standard COGS
10092,0.000000000000,2024-Q2,Gaap Actual Cogs
10015,0.000000000000,2024-Q2,Ending Gross Inventory
10033,1386878.233177500000,2024-Q3,COGS
10039,706694.243790000000,2024-Q1,Net Inventory
10082,0.000000000000,2024-Q2,DOI
10061,0.000000000000,2024-Q2,Ending Gross Inventory
10086,20171.850400000000,2024-Q3,Ending Gross Inventory
10068,0.000000000000,2024-Q3,Standard COGS
10049,0.000000000000,2024-Q3,Gaap Adjustment Cogs
10056,1068955.776000000000,2024-Q1,Standard COGS
10069,7884.565620000000,2024-Q3,Gaap Adjustment Cogs
10056,0.000000000000,2024-Q3,COGS
10054,4568388.323608000000,2024-Q3,Net Inventory
10012,123713.684600000000,2024-Q1,Ending Gross Inventory
10065,0.000000000000,2024-Q1,Gaap Doi
10073,0.000000000000,2024-Q3,Gaap Doi
10053,915810.886820000000,2024-Q1,Ending Gross Inventory
10018,0.000000000000,2024-Q3,Gaap Doi
10021,5452950.442112000000,2024-Q3,Net Inventory
10087,0.000000000000,2024-Q1,COGS
10098,0.000000000000,2024-Q3,Gaap Adjustment Cogs
10012,27466.560000000000,2024-Q3,Ending Gross Inventory
10014,-1885.971612000000,2024-Q1,DOI
10005,186.854990980000,2024-Q1,DOI
10060,462271.956000000000,2024-Q3,COGS
10061,0.000000000000,2024-Q3,Gaap Actual Cogs
10080,0.000000000000,2024-Q1,Gaap Adjustment Cogs
10092,5724.075259500000,2024-Q3,Net Inventory
10078,81349.888460000000,2024-Q1,Gaap Adjustment Cogs
10025,884577.431340000000,2024-Q3,Net Inventory
10053,6.124700000000,2024-Q2,Gaap Actual Cogs
10002,2032366.216362900000,2024-Q1,COGS
10095,12458694.224000000000,2024-Q3,COGS
10029,191.440188135000,2024-Q1,Gaap Doi
10090,-430033.476300000000,2024-Q3,Net Inventory
10027,310.257556240000,2024-Q3,DOI
10084,15186511.186875000000,2024-Q3,Gaap Actual Cogs
10008,1230429.036025000000,2024-Q3,Gaap Actual Cogs
10081,1101.699628980000,2024-Q3,DOI
10085,-28.296452700000,2024-Q1,DOI
10031,491212.160000000000,2024-Q3,Ending Gross Inventory
10080,44371.904145000000,2024-Q3,Net Inventory
10087,-9049.917193245000,2024-Q1,Gaap Doi
10086,70.466266160000,2024-Q3,DOI
10081,60529.582089000000,2024-Q1,Inventory Adjustments
10032,4633.002742000000,2024-Q2,Inventory Adjustments
10097,-646.876746000000,2024-Q1,Inventory Adjustments
10001,61434.960000000000,2024-Q3,Inventory Adjustments
10071,141085.107940000000,2024-Q3,Inventory Adjustments
10084,335.016183000000,2024-Q1,Inventory Adjustments
10093,839.673670000000,2024-Q2,Inventory Adjustments
10011,-119394.120000000000,2024-Q1,Inventory Adjustments
10100,1318.958492000000,2024-Q3,Inventory Adjustments
10080,0.226224000000,2024-Q3,Inventory Adjustments
10029,74.966160000000,2024-Q1,Inventory Adjustments
10099,10168.995860000000,2024-Q1,Inventory Adjustments
10071,7109.971935000000,2024-Q1,Inventory Adjustments
10023,530.320000000000,2024-Q3,Inventory Adjustments
10051,1193.289271500000,2024-Q3,Inventory Adjustments
10023,32994.620000000000,2024-Q1,Inventory Adjustments
10073,-312.700046000000,2024-Q3,Inventory Adjustments
10049,101.653755000000,2024-Q1,Inventory Adjustments
10006,8607.349240000000,2024-Q2,Inventory Adjustments
10007,203.215581000000,2024-Q3,Inventory Adjustments
10077,245429.528440000000,2024-Q3,Inventory Adjustments
10016,-1805966.143500000000,2024-Q3,Inventory Adjustments
10017,1509.409653000000,2024-Q1,Inventory Adjustments
10098,-1801.480000000000,2024-Q3,Inventory Adjustments
10100,-38414.585460000000,2024-Q1,Inventory Adjustments
10004,22373.861263500000,2024-Q1,Inventory Adjustments
10028,137946.009055000000,2024-Q1,Inventory Adjustments
10081,49136.286584000000,2024-Q1,Inventory Adjustments
10072,-168907.615800000000,2024-Q1,Inventory Adjustments
10059,34.517731500000,2024-Q3,Inventory Adjustments
10045,0.000000000000,2024-Q3,Gaap Adjustment Cogs
10056,1602203.261280000000,2024-Q3,Ending Gross Inventory
10089,255995.050251000000,2024-Q1,Net Inventory
10032,833024.364480000000,2024-Q3,Ending Gross Inventory
10044,618211.626080000000,2024-Q3,Net Inventory
10044,187284087.942000000000,2024-Q1,Ending Gross Inventory
10032,4279725.978192000000,2024-Q1,Net Inventory
10092,1.372330000000,2024-Q1,Gaap Adjustment Cogs
10046,0.000000000000,2024-Q3,Standard COGS
10039,-925656.281515600000,2024-Q3,Gaap Actual Cogs
10067,987478.322000000000,2024-Q1,COGS
10086,313673.834280000000,2024-Q3,Ending Gross Inventory
10061,1070.767028505000,2024-Q3,DOI
10065,275574.499200000000,2024-Q1,Standard COGS
10048,0.000000000000,2024-Q1,Gaap Actual Cogs
10067,0.000000000000,2024-Q3,Standard COGS
10061,0.000000000000,2024-Q3,Gaap Actual Cogs
10034,210.811575000000,2024-Q3,Gaap Adjustment Cogs
10035,84346.306757850000,2024-Q3,COGS
10041,1483654.350258600000,2024-Q3,Gaap Actual Cogs
10032,5890088.523300000000,2024-Q3,Ending Gross Inventory
10021,154187.144800000000,2024-Q3,Gaap Adjustment Cogs
10047,78137.627520000000,2024-Q3,Standard COGS
10040,4429437.782660000000,2024-Q3,COGS
10083,0.000000000000,2024-Q3,COGS
10087,-158.978456240000,2024-Q2,Gaap Doi
10080,1882.323680000000,2024-Q1,Gaap Adjustment Cogs
10015,12082719.340283200000,2024-Q3,Standard COGS
10031,0.000000000000,2024-Q1,Standard COGS
10005,0.000000000000,2024-Q1,Gaap Adjustment Cogs
10014,0.000000000000,2024-Q3,Standard COGS
10059,14194.813340000000,2024-Q3,Gaap Adjustment Cogs
10083,203744.223640000000,2024-Q1,Gaap Adjustment Cogs
10083,18689690.166175000000,2024-Q3,Ending Gross Inventory
10022,79.360067745000,2024-Q2,DOI
10063,4144.101048000000,2024-Q3,Net Inventory
10070,11.115062500000,2024-Q1,Inventory Adjustments
10013,275.879205000000,2024-Q1,Inventory Adjustments
10100,-50.680000000000,2024-Q1,Inventory Adjustments
10089,25157.009674000000,2024-Q1,Inventory Adjustments
10050,1149.620314500000,2024-Q3,Inventory Adjustments
10013,608825.853012500000,2024-Q1,Inventory Adjustments
10022,157699.462140000000,2024-Q1,Inventory Adjustments
10021,3397.133105000000,2024-Q2,Inventory Adjustments
10059,-15314.108325000000,2024-Q3,Inventory Adjustments
10089,-804565.410000000000,2024-Q3,Inventory Adjustments
10078,-265345.680000000000,2024-Q3,Inventory Adjustments
10088,-8943.229910000000,2024-Q3,Inventory Adjustments
10005,-0.030000000000,2024-Q1,Inventory Adjustments
10059,1468808.940717500000,2024-Q1,Inventory Adjustments
10019,20561.977544000000,2024-Q1,Inventory Adjustments
10068,-266.025776000000,2024-Q3,Inventory Adjustments
10039,-6641727.900000000000,2024-Q1,Inventory Adjustments
10025,15371.112130000000,2024-Q3,Inventory Adjustments
10026,-2237.460000000000,2024-Q1,Inventory Adjustments
10073,20983.944685000000,2024-Q1,Inventory Adjustments
10016,6872.640114000000,2024-Q1,Inventory Adjustments
10063,547.385592000000,2024-Q2,Inventory Adjustments
10010,2646.740896000000,2024-Q1,Inventory Adjustments
10053,424669.655370000000,2024-Q3,Inventory Adjustments
10002,26.739301000000,2024-Q1,Inventory Adjustments
10053,544.672437000000,2024-Q1,Inventory Adjustments
10026,117512.780000000000,2024-Q3,Inventory Adjustments
10004,1406.343142000000,2024-Q3,Inventory Adjustments
10082,48347.281041000000,2024-Q3,Inventory Adjustments
10009,389.208001000000,2024-Q1,Inventory Adjustments
10063,-46600.120000000000,2024-Q1,Inventory Adjustments
10081,134.081520000000,2024-Q3,Inventory Adjustments
10070,1506.581071000000,2024-Q1,Inventory Adjustments
10071,4937.030317500000,2024-Q3,Inventory Adjustments
10011,45547.937582000000,2024-Q1,Inventory Adjustments
10063,26688.519152000000,2024-Q3,Inventory Adjustments
10035,1512.080000000000,2024-Q3,Inventory Adjustments
10060,106.881873000000,2024-Q1,Inventory Adjustments
10014,1385.914219000000,2024-Q3,Inventory Adjustments
10014,430.392116000000,2024-Q3,Inventory Adjustments
10004,-203.334800000000,2024-Q2,Inventory Adjustments
10075,199837.361110000000,2024-Q3,Inventory Adjustments
10068,34386.332274000000,2024-Q1,Inventory Adjustments
10090,2619.095596760000,2024-Q3,DOI
10052,-182353.740000000000,2024-Q3,Inventory Adjustments
10020,36789.451810000000,2024-Q1,Inventory Adjustments
10091,28119.767640000000,2024-Q1,Inventory Adjustments
10099,-18390.000000000000,2024-Q1,Inventory Adjustments
10057,-160687.700000000000,2024-Q3,Inventory Adjustments
10042,6448.457915500000,2024-Q3,Inventory Adjustments
10099,2412352.980000000000,2024-Q3,Inventory Adjustments
10036,11930.887191000000,2024-Q3,Inventory Adjustments
10007,2002.140000000000,2024-Q2,Inventory Adjustments
10059,-175316.025000000000,2024-Q3,Inventory Adjustments
10022,86151.430642000000,2024-Q3,Inventory Adjustments
10016,-64640.000000000000,2024-Q3,Inventory Adjustments
10025,-152194.540000000000,2024-Q1,Inventory Adjustments
10019,293205.084325000000,2024-Q2,Inventory Adjustments
10047,-718772.000000000000,2024-Q1,Period Cost
10086,528.000000000000,2024-Q2,Period Cost
10084,14682.000000000000,2024-Q1,Period Cost
10083,16.000000000000,2024-Q1,Period Cost
10064,-129075.000000000000,2024-Q1,Period Cost
10018,86.000000000000,2024-Q3,Period Cost
10044,100.000000000000,2024-Q3,Period Cost
10011,5.000000000000,2024-Q1,Period Cost
10085,570.000000000000,2024-Q2,Period Cost
10060,504945.000000000000,2024-Q1,Period Cost
10027,412082.000000000000,2024-Q3,Period Cost
10071,845.000000000000,2024-Q2,Period Cost
10019,25415.000000000000,2024-Q1,Period Cost
10100,520.500000000000,2024-Q2,Period Cost
10081,-192.000000000000,2024-Q3,Period Cost
10037,9340.000000000000,2024-Q3,Period Cost
10032,1101.000000000000,2024-Q1,Period Cost
10074,6081.000000000000,2024-Q1,Period Cost
10076,7857.500000000000,2024-Q2,Period Cost
10080,1138.000000000000,2024-Q3,Period Cost
10073,-53892.000000000000,2024-Q2,Period Cost
10051,4621.000000000000,2024-Q3,Period Cost
10021,5810.000000000000,2024-Q1,Period Cost
10038,5128.000000000000,2024-Q3,Period Cost
10046,-2294.000000000000,2024-Q3,Period Cost
10061,7478.500000000000,2024-Q3,Period Cost
10086,21.000000000000,2024-Q1,Period Cost
10059,1368.500000000000,2024-Q2,Period Cost
10006,10890.000000000000,2024-Q1,Period Cost
10056,-74925.000000000000,2024-Q3,Period Cost
10044,-1609062.000000000000,2024-Q1,Period Cost
10067,1727371.500000000000,2024-Q3,Period Cost
10052,86580.000000000000,2024-Q3,Period Cost
10067,165736.000000000000,2024-Q2,Period Cost
10035,-181280.000000000000,2024-Q1,Period Cost
10029,-909.000000000000,2024-Q1,Period Cost
10012,1856.000000000000,2024-Q2,Period Cost
10050,1448.000000000000,2024-Q2,Period Cost
10078,-12890.000000000000,2024-Q3,Period Cost
10042,2380.000000000000,2024-Q3,Period Cost
10016,104010.000000000000,2024-Q1,Period Cost
10024,-288916.500000000000,2024-Q1,Period Cost
10037,-1047.000000000000,2024-Q3,Period Cost
10014,-7065.000000000000,2024-Q3,Period Cost
10086,28.000000000000,2024-Q3,Period Cost
10069,400.500000000000,2024-Q3,Period Cost
10076,1827.500000000000,2024-Q3,Period Cost
10003,91.000000000000,2024-Q2,Period Cost
10070,15898.000000000000,2024-Q1,Period Cost
10040,18410.000000000000,2024-Q3,Period Cost
10063,40806.000000000000,2024-Q2,Period Cost
10029,37195.000000000000,2024-Q1,Period Cost
10014,4216.000000000000,2024-Q3,Period Cost
10015,2472.500000000000,2024-Q3,Period Cost
10100,151400.000000000000,2024-Q3,Period Cost
10062,505.000000000000,2024-Q2,Period Cost
10032,72.000000000000,2024-Q3,Period Cost
10062,195680.000000000000,2024-Q1,Period Cost
10009,1136.000000000000,2024-Q3,Period Cost
10029,-1677880.000000000000,2024-Q1,Period Cost
10042,-1716.000000000000,2024-Q3,Period Cost
10094,98.000000000000,2024-Q2,Period Cost
10021,2985.000000000000,2024-Q1,Period Cost
10085,164802.000000000000,2024-Q3,Period Cost
10060,-25828.000000000000,2024-Q3,Period Cost
10094,41072.000000000000,2024-Q1,Period Cost
10016,-25633.500000000000,2024-Q1,Period Cost
10034,514.000000000000,2024-Q3,Period Cost
10020,802.500000000000,2024-Q1,Period Cost
10093,55.500000000000,2024-Q3,Period Cost
10057,207452.000000000000,2024-Q1,Period Cost
10060,22248.000000000000,2024-Q3,Period Cost
10036,-2787.000000000000,2024-Q2,Period Cost
10078,286.500000000000,2024-Q2,Period Cost
10086,198153.000000000000,2024-Q3,Period Cost
10072,6471.000000000000,2024-Q3,Period Cost
10070,2982.000000000000,2024-Q1,Period Cost
10099,79558.000000000000,2024-Q2,Period Cost
10019,11536770.000000000000,2024-Q1,Period Cost
10011,-390612.000000000000,2024-Q3,Period Cost
10003,17486.000000000000,2024-Q3,Period Cost
10065,4198.000000000000,2024-Q3,Period Cost
10014,-44304.000000000000,2024-Q3,Period Cost
10024,12.000000000000,2024-Q3,Period Cost
10061,65202.000000000000,2024-Q3,Period Cost
10016,-78.000000000000,2024-Q3,Period Cost
10085,2964.000000000000,2024-Q1,Period Cost
10037,-654240.000000000000,2024-Q3,Period Cost
10053,-33.000000000000,2024-Q3,Period Cost
10072,7815.500000000000,2024-Q1,Period Cost
10002,19140.000000000000,2024-Q3,Period Cost
10074,56.000000000000,2024-Q2,Period Cost
10059,-225.000000000000,2024-Q1,Period Cost
10090,16.000000000000,2024-Q3,Period Cost
10036,365256.000000000000,2024-Q2,Period Cost
10028,63600.000000000000,2024-Q2,Period Cost
10074,63.000000000000,2024-Q3,Period Cost
10097,109951.500000000000,2024-Q3,Period Cost
10019,9333.000000000000,2024-Q3,Period Cost
10052,2.000000000000,2024-Q3,Period Cost
10052,2494.000000000000,2024-Q3,Period Cost
10018,124695.000000000000,2024-Q3,Period Cost
10082,360.000000000000,2024-Q1,Period Cost
10021,49756.000000000000,2024-Q3,Period Cost
10047,272864.000000000000,2024-Q3,Period Cost
10002,-24.000000000000,2024-Q2,Period Cost
10082,155.000000000000,2024-Q1,Period Cost
10076,-64.000000000000,2024-Q3,Period Cost
10032,2440.000000000000,2024-Q3,Period Cost
10045,18.000000000000,2024-Q2,Period Cost
10078,-9.000000000000,2024-Q3,Period Cost
10005,-67608.000000000000,2024-Q3,Period Cost
10013,81144.000000000000,2024-Q2,Period Cost
10077,92.500000000000,2024-Q2,Period Cost
10011,276.000000000000,2024-Q2,Period Cost
10088,13118.000000000000,2024-Q3,Period Cost
10005,4801.000000000000,2024-Q3,Period Cost
10036,1275.000000000000,2024-Q2,Period Cost
10043,297.500000000000,2024-Q2,Period Cost
10047,-9333.000000000000,2024-Q1,Period Cost
10071,-12249.000000000000,2024-Q1,Period Cost
10069,73.500000000000,2024-Q3,Period Cost
10056,-168.000000000000,2024-Q1,Period Cost
10006,20.000000000000,2024-Q1,Period Cost
10024,68836.000000000000,2024-Q3,Period Cost
10020,64.000000000000,2024-Q3,Period Cost
10003,-19034.000000000000,2024-Q1,Period Cost
10030,5140.000000000000,2024-Q3,Period Cost
10053,9228.000000000000,2024-Q3,Period Cost
10057,37244.000000000000,2024-Q3,Period Cost
10094,300877.500000000000,2024-Q1,Period Cost
10015,352.000000000000,2024-Q3,Period Cost
10018,2430.000000000000,2024-Q2,Period Cost
10061,2048.000000000000,2024-Q3,Period Cost
10057,-2217.000000000000,2024-Q1,Period Cost
10032,8.000000000000,2024-Q1,Period Cost
10080,3.000000000000,2024-Q3,Period Cost
10048,-57.000000000000,2024-Q1,Period Cost
10078,23652.000000000000,2024-Q1,Period Cost
10002,1176.000000000000,2024-Q3,Period Cost
10097,504.000000000000,2024-Q1,Period Cost
10069,7.500000000000,2024-Q3,Period Cost
10032,-12.000000000000,2024-Q3,Period Cost
10072,64.500000000000,2024-Q1,Period Cost
10043,27335.000000000000,2024-Q3,Period Cost
10037,-64922.000000000000,2024-Q2,Period Cost
10025,4774.000000000000,2024-Q1,Period Cost
10093,-544.000000000000,2024-Q1,Period Cost
10061,7926.000000000000,2024-Q1,Period Cost
10088,33618.000000000000,2024-Q1,Period Cost
10096,837.000000000000,2024-Q3,Period Cost
10090,233990.000000000000,2024-Q3,Period Cost
10005,26255.000000000000,2024-Q1,Period Cost
10052,400.000000000000,2024-Q3,Period Cost
10014,4.000000000000,2024-Q2,Period Cost
10015,54240.000000000000,2024-Q3,Period Cost
10089,289805.000000000000,2024-Q2,Period Cost
10012,952.000000000000,2024-Q2,Period Cost
10084,34.500000000000,2024-Q3,Period Cost
10050,2123.000000000000,2024-Q3,Period Cost
10035,-9803436.000000000000,2024-Q3,Period Cost
10069,-12.000000000000,2024-Q1,Period Cost
10079,6165.000000000000,2024-Q1,Period Cost
10023,-122112.000000000000,2024-Q3,Period Cost
10017,-1.500000000000,2024-Q3,Period Cost
10057,-55280.000000000000,2024-Q3,Period Cost
10086,-124.000000000000,2024-Q2,Period Cost
10098,174.000000000000,2024-Q3,Period Cost
10030,-135.000000000000,2024-Q3,Period Cost
10002,21.000000000000,2024-Q3,Period Cost
10073,955.000000000000,2024-Q3,Period Cost
10084,-8.000000000000,2024-Q1,Period Cost
10097,222.000000000000,2024-Q2,Period Cost
10018,186.000000000000,2024-Q3,Period Cost
10003,5.000000000000,2024-Q3,Period Cost
10065,2778.000000000000,2024-Q1,Period Cost
10073,-10718.000000000000,2024-Q3,Period Cost
10090,-6433868.000000000000,2024-Q2,Period Cost
10019,8040.000000000000,2024-Q1,Period Cost
10037,0.000000000000,2024-Q2,Net Inventory
10042,0.000000000000,2024-Q3,Gaap Doi
10032,0.000000000000,2024-Q3,COGS
10092,170.142328360000,2024-Q1,Gaap Doi
10083,0.000000000000,2024-Q1,Standard COGS
10075,2035213.189909350000,2024-Q3,Standard COGS
10056,-110.711548000000,2024-Q1,Net Inventory
10097,150.940098780000,2024-Q1,Gaap Doi
10063,0.000000000000,2024-Q3,DOI
10045,0.000000000000,2024-Q3,COGS
10001,476793.462000000000,2024-Q3,Ending Gross Inventory
10076,0.000000000000,2024-Q3,Net Inventory
10099,1574119.275692000000,2024-Q1,Net Inventory
10050,838.460000000000,2024-Q2,Ending Gross Inventory
10024,0.000000000000,2024-Q3,Net Inventory
10002,217338.581230000000,2024-Q1,Ending Gross Inventory
10005,149.270000000000,2024-Q2,Standard COGS
10064,0.000000000000,2024-Q1,Gaap Doi
10017,0.000000000000,2024-Q3,Gaap Actual Cogs
10093,0.000000000000,2024-Q3,Gaap Adjustment Cogs
10024,27207.755370000000,2024-Q3,Ending Gross Inventory
10096,0.000000000000,2024-Q1,Gaap Adjustment Cogs
10043,243762.273519500000,2024-Q3,Net Inventory
10093,0.000000000000,2024-Q3,DOI
10007,0.000000000000,2024-Q1,DOI
10034,-0.020000000000,2024-Q3,Net Inventory
10099,236.686940780000,2024-Q2,DOI
10017,0.000000000000,2024-Q3,COGS
10036,0.000000000000,2024-Q3,DOI
10045,0.000000000000,2024-Q3,COGS
10029,-16662.734384000000,2024-Q1,Net Inventory
10083,2310.930750000000,2024-Q3,Net Inventory
10057,182.974689620000,2024-Q1,Gaap Doi
10095,14962.180000000000,2024-Q1,COGS
10052,1081.484387750000,2024-Q3,DOI
10066,3647601.440775000000,2024-Q1,COGS
10082,9068.567425000000,2024-Q2,Gaap Actual Cogs
10069,474374.003520000000,2024-Q3,COGS
10092,127701.960000000000,2024-Q3,Standard COGS
10098,0.000000000000,2024-Q3,Gaap Doi
10082,0.000000000000,2024-Q3,Gaap Actual Cogs
10059,0.000000000000,2024-Q3,Gaap Actual Cogs
10056,0.000000000000,2024-Q1,COGS
10037,0.000000000000,2024-Q1,COGS
10015,0.000000000000,2024-Q3,Gaap Adjustment Cogs
10002,0.000000000000,2024-Q3,Gaap Doi
10028,0.000000000000,2024-Q1,COGS
10005,0.000000000000,2024-Q3,Standard COGS
10006,1956317.658750000000,2024-Q1,Ending Gross Inventory
10098,0.000000000000,2024-Q2,Ending Gross Inventory
10050,0.000000000000,2024-Q2,DOI
10063,0.000000000000,2024-Q1,Gaap Doi
10083,232.042500000000,2024-Q1,Ending Gross Inventory
10074,19644077.785550000000,2024-Q3,Net Inventory
10009,104664.875437000000,2024-Q1,COGS
10037,1833546.620000000000,2024-Q1,COGS
10012,0.000000000000,2024-Q1,Standard COGS
10064,0.000000000000,2024-Q1,Gaap Adjustment Cogs
10074,78163.525000000000,2024-Q1,Ending Gross Inventory
10085,118.520015500000,2024-Q3,Gaap Doi
10058,745412.565300000000,2024-Q1,COGS
10037,11896.653480000000,2024-Q2,Ending Gross Inventory
10042,183270.591720000000,2024-Q1,Standard COGS
10089,3229723.121880000000,2024-Q3,Standard COGS
10066,35.879685950000,2024-Q2,DOI
10021,320248.274220000000,2024-Q3,Standard COGS
10084,276798.168520000000,2024-Q3,Ending Gross Inventory
10072,1337191.465910000000,2024-Q3,Ending Gross Inventory
10006,0.000000000000,2024-Q3,Standard COGS
10069,0.000000000000,2024-Q3,COGS
10088,0.000000000000,2024-Q1,Gaap Adjustment Cogs
10023,256740.239505000000,2024-Q2,Gaap Actual Cogs
10100,1444050.376857000000,2024-Q1,Net Inventory
10043,34378.158000000000,2024-Q3,Standard COGS
10051,4889.735681220000,2024-Q3,DOI
10076,1120292.508800000000,2024-Q3,Gaap Adjustment Cogs
10066,0.000000000000,2024-Q2,Gaap Adjustment Cogs
10089,0.000000000000,2024-Q3,Gaap Adjustment Cogs
10074,0.000000000000,2024-Q3,Standard COGS
10032,0.000000000000,2024-Q2,Gaap Adjustment Cogs
10036,0.000000000000,2024-Q2,DOI
10017,62.468908000000,2024-Q1,Net Inventory
10081,111.285984700000,2024-Q2,Gaap Doi
10019,92096.173015050000,2024-Q1,DOI
10056,265.035225320000,2024-Q3,DOI
10035,0.000000000000,2024-Q3,DOI
10003,0.000000000000,2024-Q3,Standard COGS
10069,2328.257368000000,2024-Q3,Net Inventory
10058,0.000000000000,2024-Q3,Gaap Actual Cogs
10043,5629623.027050000000,2024-Q1,COGS
10018,31594.193875000000,2024-Q2,Gaap Adjustment Cogs
10075,211078.939810000000,2024-Q2,Gaap Actual Cogs
10025,10405378.138976000000,2024-Q1,Net Inventory
10019,-19.761044895000,2024-Q1,Gaap Doi
10034,1907.366511800000,2024-Q3,DOI
10045,518632.067877450000,2024-Q2,COGS
10017,680.151200000000,2024-Q3,Gaap Adjustment Cogs
10086,78672.640080000000,2024-Q3,Gaap Adjustment Cogs
10003,633040.076604000000,2024-Q3,Net Inventory
10083,0.000000000000,2024-Q2,Gaap Actual Cogs
10042,17.928415970000,2024-Q3,DOI
10056,459.859991500000,2024-Q1,Gaap Doi
10047,39407.212473000000,2024-Q3,Net Inventory
10054,0.000000000000,2024-Q1,Standard COGS
10091,0.000000000000,2024-Q3,Gaap Actual Cogs
10009,0.000000000000,2024-Q1,Gaap Actual Cogs
10078,29845.190320000000,2024-Q2,Ending Gross Inventory
10092,0.000000000000,2024-Q2,Gaap Adjustment Cogs
10036,0.000000000000,2024-Q3,Standard COGS
10088,1652.210693025000,2024-Q2,DOI
10051,155.860000000000,2024-Q1,Standard COGS
10097,895158.061292100000,2024-Q1,Gaap Actual Cogs
10066,7817677.059162000000,2024-Q2,Net Inventory
10044,77056.941600000000,2024-Q1,Ending Gross Inventory
10035,8050156.992896000000,2024-Q3,COGS
10035,638.532939040000,2024-Q1,DOI
10055,14764.485000000000,2024-Q1,COGS
10077,69679.031487500000,2024-Q1,Net Inventory
10054,91370.547930000000,2024-Q1,Gaap Adjustment Cogs
10070,-49.782654570000,2024-Q2,DOI
10017,1455964.733600000000,2024-Q1,COGS
10050,458455.599525000000,2024-Q1,Gaap Adjustment Cogs
10054,87335.670634200000,2024-Q3,Standard COGS
10091,1.607176590000,2024-Q1,Gaap Doi
10072,40317367.528320500000,2024-Q1,COGS
10081,-40307.726280000000,2024-Q3,Gaap Actual Cogs
10042,1046.830760000000,2024-Q1,Gaap Adjustment Cogs
10082,570599.259761850000,2024-Q3,COGS
10084,17365.410980000000,2024-Q1,Gaap Adjustment Cogs
10006,0.180000000000,2024-Q1,Ending Gross Inventory
10061,9399072.840823000000,2024-Q2,Net Inventory
10045,310303.470615000000,2024-Q1,Gaap Adjustment Cogs
10021,2686762.070298000000,2024-Q1,Net Inventory
10090,56300.092080000000,2024-Q3,Ending Gross Inventory
10023,693352.911520000000,2024-Q1,Ending Gross Inventory
10082,0.000000000000,2024-Q1,Gaap Doi
10088,285.153262500000,2024-Q3,Net Inventory
10085,541657.009680000000,2024-Q1,Gaap Actual Cogs
10080,81617.157280000000,2024-Q2,Ending Gross Inventory
10064,144168.802155000000,2024-Q3,Gaap Actual Cogs
10084,2489348.603935000000,2024-Q1,Net Inventory
10003,-6478.225036960000,2024-Q3,DOI
10022,604042.149760000000,2024-Q3,Gaap Adjustment Cogs
10009,93.999900510000,2024-Q3,DOI
10078,285.087360000000,2024-Q3,Gaap Adjustment Cogs
10088,8018.350000000000,2024-Q3,Net Inventory
10009,-2293.773334980000,2024-Q2,Gaap Doi
10020,7308791.496680000000,2024-Q3,Ending Gross Inventory
10027,16846237.363320000000,2024-Q3,Ending Gross Inventory
10068,76399.809120000000,2024-Q3,Gaap Adjustment Cogs
10057,-11177.445000000000,2024-Q1,Inventory Adjustments
10016,-227159.800000000000,2024-Q3,Inventory Adjustments
10060,645.988934000000,2024-Q3,Inventory Adjustments
10026,388.420000000000,2024-Q1,Inventory Adjustments
10074,5149.685905000000,2024-Q1,Inventory Adjustments
10057,74.548601000000,2024-Q3,Inventory Adjustments
10013,-133260.105000000000,2024-Q3,Inventory Adjustments
10036,59081.907871500000,2024-Q3,Inventory Adjustments
10067,-157588.980000000000,2024-Q3,Inventory Adjustments
10091,614.504742000000,2024-Q3,Inventory Adjustments
10048,17.259082500000,2024-Q3,Inventory Adjustments
10064,2577.417440000000,2024-Q2,Inventory Adjustments
10009,199373.517507500000,2024-Q3,Inventory Adjustments
10045,-1065975.440000000000,2024-Q3,Inventory Adjustments
10032,64639.350000000000,2024-Q1,Inventory Adjustments
10043,6186.767688000000,2024-Q1,Inventory Adjustments
10035,-94792.060000000000,2024-Q3,Inventory Adjustments
10086,628.094788000000,2024-Q1,Inventory Adjustments
10044,-461962.365000000000,2024-Q2,Inventory Adjustments
10049,-136922.048655000000,2024-Q1,Inventory Adjustments
10098,2491.851818000000,2024-Q1,Inventory Adjustments
10067,-355.920000000000,2024-Q3,Inventory Adjustments
10090,42164.482864000000,2024-Q3,Inventory Adjustments
10070,1402.536658000000,2024-Q3,Inventory Adjustments
10085,-350311.590000000000,2024-Q3,Inventory Adjustments
10036,-781.350000000000,2024-Q2,Inventory Adjustments
10074,-35017.080000000000,2024-Q3,Inventory Adjustments
10056,314.457234000000,2024-Q2,Inventory Adjustments
10056,1301.611774500000,2024-Q3,Inventory Adjustments
10017,9261.229785000000,2024-Q1,Inventory Adjustments
10019,-3391.323486000000,2024-Q1,Inventory Adjustments
10085,-14534.130000000000,2024-Q3,Inventory Adjustments
10010,16282.159861500000,2024-Q3,Inventory Adjustments
10006,11983.830000000000,2024-Q3,Inventory Adjustments
10076,-142.305000000000,2024-Q1,Inventory Adjustments
10023,45659.238491000000,2024-Q1,Inventory Adjustments
10015,2.912960000000,2024-Q2,Inventory Adjustments
10005,14229.842592000000,2024-Q3,Inventory Adjustments
10064,653.623796000000,2024-Q1,Inventory Adjustments
10048,4527.126783000000,2024-Q1,Inventory Adjustments
10057,7217.453686500000,2024-Q3,Inventory Adjustments
10022,0.000000000000,2024-Q3,Inventory Adjustments
10068,32170.875000000000,2024-Q3,Inventory Adjustments
10088,446.820000000000,2024-Q1,Inventory Adjustments
10016,4591.949241000000,2024-Q3,Inventory Adjustments
10081,1257.778290000000,2024-Q3,Inventory Adjustments
10017,231144.210958000000,2024-Q3,Inventory Adjustments
10026,249687.672742000000,2024-Q1,Inventory Adjustments
10089,-8880.000000000000,2024-Q1,Inventory Adjustments
10017,266.307758000000,2024-Q1,Inventory Adjustments
10043,731.177770000000,2024-Q1,Inventory Adjustments
10012,-4454755.260000000000,2024-Q1,Inventory Adjustments
10005,142.333607000000,2024-Q3,Inventory Adjustments
10050,636.000000000000,2024-Q3,Inventory Adjustments
10020,-3208.760000000000,2024-Q3,Inventory Adjustments
10022,-8813.880000000000,2024-Q1,Inventory Adjustments
10063,4.357593000000,2024-Q1,Inventory Adjustments
10054,-1765306.520000000000,2024-Q3,Inventory Adjustments
10071,-0.030000000000,2024-Q1,Inventory Adjustments
10091,527695.729815000000,2024-Q2,Inventory Adjustments
10081,-19647.000000000000,2024-Q1,Inventory Adjustments
10049,-102203.680000000000,2024-Q3,Inventory Adjustments
10061,879142.790700000000,2024-Q1,Inventory Adjustments
10095,64.410000000000,2024-Q3,Inventory Adjustments
10058,0.000000000000,2024-Q1,Gaap Adjustment Cogs
10083,0.000000000000,2024-Q3,Ending Gross Inventory
10027,465247.192150000000,2024-Q3,Gaap Actual Cogs
10050,1698370.287472000000,2024-Q1,Net Inventory
10009,580796.409353600000,2024-Q3,Gaap Actual Cogs
10054,772.950025000000,2024-Q1,Net Inventory
10036,0.000000000000,2024-Q3,Standard COGS
10038,0.000000000000,2024-Q3,DOI
10079,357.994307820000,2024-Q2,DOI
10019,967583.360040000000,2024-Q1,COGS
10054,217370.378512500000,2024-Q3,Inventory Adjustments
10088,119.297300000000,2024-Q3,Inventory Adjustments
10088,15.080000000000,2024-Q3,Inventory Adjustments
10071,5066034.556755000000,2024-Q1,Inventory Adjustments
10012,-126159.440000000000,2024-Q1,Inventory Adjustments
10010,225.689541000000,2024-Q3,Inventory Adjustments
10026,97847.777515000000,2024-Q3,Inventory Adjustments
10028,0.000000000000,2024-Q1,Inventory Adjustments
10011,-21094.120000000000,2024-Q1,Inventory Adjustments
10076,106953.755960000000,2024-Q3,Inventory Adjustments
10048,21596073.594867000000,2024-Q2,Inventory Adjustments
10073,5491.681260000000,2024-Q1,Inventory Adjustments
10091,0.000000000000,2024-Q3,Gaap Actual Cogs
10075,0.000000000000,2024-Q3,Ending Gross Inventory
10020,0.000000000000,2024-Q1,Gaap Adjustment Cogs
10053,0.000000000000,2024-Q3,COGS
10043,1015406.354000000000,2024-Q1,Ending Gross Inventory
10099,0.000000000000,2024-Q2,Gaap Doi
10045,0.000000000000,2024-Q2,Gaap Actual Cogs
10052,0.000000000000,2024-Q3,DOI
10028,194.160102265000,2024-Q3,Gaap Doi
10062,0.000000000000,2024-Q3,Ending Gross Inventory
10014,0.000000000000,2024-Q3,Gaap Actual Cogs
10074,0.000000000000,2024-Q3,Standard COGS
10048,0.000000000000,2024-Q3,Ending Gross Inventory
10051,21254179.908105000000,2024-Q1,Standard COGS
10079,891464.400769400000,2024-Q1,Standard COGS
10088,1764.800651050000,2024-Q3,DOI
10092,279.812240600000,2024-Q2,DOI
10048,4938037.641700000000,2024-Q3,Gaap Actual Cogs
10026,26.628562710000,2024-Q1,Gaap Doi
10061,0.000000000000,2024-Q3,Net Inventory
10005,32990.964860000000,2024-Q3,Gaap Actual Cogs
10018,46.045491280000,2024-Q3,Gaap Doi
10039,7307.352600000000,2024-Q1,Gaap Actual Cogs
10082,0.000000000000,2024-Q2,COGS
10072,0.000000000000,2024-Q3,Gaap Adjustment Cogs
10027,0.000000000000,2024-Q1,DOI
10092,2202813.520000000000,2024-Q3,COGS
10008,7981320.539880000000,2024-Q1,Standard COGS
10022,3211.838840000000,2024-Q1,Gaap Actual Cogs
10049,43695.750000000000,2024-Q3,Ending Gross Inventory
10061,27804.700000000000,2024-Q3,Ending Gross Inventory
10051,692.735602050000,2024-Q3,DOI
10042,-27.591858520000,2024-Q3,DOI
10052,3685.241900000000,2024-Q3,Ending Gross Inventory
10035,490404.455109000000,2024-Q3,Standard COGS
10074,0.000000000000,2024-Q1,Standard COGS
10084,0.000000000000,2024-Q3,Net Inventory
10089,0.000000000000,2024-Q2,DOI
10077,0.000000000000,2024-Q3,Gaap Doi
10025,0.000000000000,2024-Q3,Standard COGS
10033,0.000000000000,2024-Q2,COGS
10061,0.000000000000,2024-Q3,Gaap Adjustment Cogs
10074,0.000000000000,2024-Q3,Gaap Doi
10054,20244.300000000000,2024-Q1,Standard COGS
10079,814277.143935000000,2024-Q2,Gaap Actual Cogs
10009,29218.353370000000,2024-Q1,Gaap Adjustment Cogs
10026,290964.367479000000,2024-Q3,Gaap Actual Cogs
10011,0.000000000000,2024-Q3,Standard COGS
10061,0.000000000000,2024-Q2,Standard COGS
10075,0.000000000000,2024-Q3,Gaap Doi
10046,0.000000000000,2024-Q3,Gaap Doi
10049,0.000000000000,2024-Q1,Standard COGS
10074,0.000000000000,2024-Q1,Gaap Adjustment Cogs
10084,0.000000000000,2024-Q1,Gaap Actual Cogs
10100,0.000000000000,2024-Q3,COGS
10097,46929.601260000000,2024-Q1,Standard COGS
10083,0.000000000000,2024-Q3,Gaap Adjustment Cogs
10044,5457.483465000000,2024-Q1,Gaap Actual Cogs
10095,7298.237600000000,2024-Q3,Gaap Actual Cogs
10032,0.000000000000,2024-Q3,Standard COGS
10017,0.000000000000,2024-Q3,Gaap Doi
10004,0.000000000000,2024-Q1,DOI
10032,0.000000000000,2024-Q3,Gaap Adjustment Cogs
10093,25787.125000000000,2024-Q1,Ending Gross Inventory
10062,1209812.283090000000,2024-Q2,Net Inventory
10052,155.555590000000,2024-Q3,Gaap Adjustment Cogs
10066,3097889.987630000000,2024-Q3,COGS
10030,339.867408675000,2024-Q3,Gaap Doi
10002,7550893.050000000000,2024-Q1,COGS
10025,35543800.695840000000,2024-Q2,Ending Gross Inventory
10012,3459167.520000000000,2024-Q3,Ending Gross Inventory
10031,0.000000000000,2024-Q3,COGS
10015,0.000000000000,2024-Q3,Gaap Doi
10078,0.000000000000,2024-Q2,Standard COGS
10034,-9417.493027830000,2024-Q1,DOI
10013,2126.926200000000,2024-Q3,COGS
10015,233474.636720000000,2024-Q2,Standard COGS
10060,0.000000000000,2024-Q2,Gaap Adjustment Cogs
10015,17591.364445100000,2024-Q3,DOI
10051,1341046.445970000000,2024-Q3,Ending Gross Inventory
10085,998579.133812400000,2024-Q3,Ending Gross Inventory
10089,0.000000000000,2024-Q1,Net Inventory
10013,0.000000000000,2024-Q3,DOI
10088,0.000000000000,2024-Q1,Gaap Doi
10099,0.000000000000,2024-Q1,Gaap Doi
10032,0.000000000000,2024-Q3,Gaap Adjustment Cogs
10070,295023.000000000000,2024-Q1,Ending Gross Inventory
10055,0.000000000000,2024-Q1,Gaap Doi
10014,104.271369000000,2024-Q3,Net Inventory
10013,0.000000000000,2024-Q3,Gaap Doi
10008,-3170.196876000000,2024-Q1,Gaap Doi
10034,0.000000000000,2024-Q2,COGS
10063,1668157.964900000000,2024-Q3,Ending Gross Inventory
10048,0.000000000000,2024-Q3,Standard COGS
10091,651599.019670000000,2024-Q1,Gaap Actual Cogs
10073,0.000000000000,2024-Q3,Gaap Doi
10004,206.936446460000,2024-Q1,DOI
10094,694343.440470000000,2024-Q3,COGS
10030,23373754.639575000000,2024-Q1,Ending Gross Inventory
10078,10525.415125000000,2024-Q1,Gaap Adjustment Cogs
10094,184365.988000000000,2024-Q3,Standard COGS
10081,1558148.114812000000,2024-Q1,Net Inventory
10005,2032366.267300000000,2024-Q1,Standard COGS
10094,478196.400440000000,2024-Q3,Gaap Adjustment Cogs
10031,0.000000000000,2024-Q3,Gaap Doi
10057,0.000000000000,2024-Q3,DOI
10047,0.000000000000,2024-Q1,DOI
10032,0.000000000000,2024-Q1,DOI
10011,11772.282783000000,2024-Q3,Net Inventory
10081,0.000000000000,2024-Q3,Gaap Actual Cogs
10031,373790.000000000000,2024-Q3,COGS
10002,0.000000000000,2024-Q2,Standard COGS
10038,5828338.757735000000,2024-Q1,Gaap Actual Cogs
10075,7685.941840000000,2024-Q1,Ending Gross Inventory
10036,923333.980080000000,2024-Q3,Ending Gross Inventory
10036,0.000000000000,2024-Q3,Gaap Doi
10085,71612.111977500000,2024-Q1,COGS
10094,768.273375000000,2024-Q1,Gaap Adjustment Cogs
10057,-920.833597425000,2024-Q1,DOI
10063,577381.320000000000,2024-Q1,Ending Gross Inventory
10051,38983.846080000000,2024-Q3,Gaap Adjustment Cogs
10024,20505.137760000000,2024-Q3,Gaap Actual Cogs
10083,15342.858624120000,2024-Q3,Gaap Doi
10062,-2598.588228090000,2024-Q3,DOI
10021,41665.074840000000,2024-Q1,Gaap Adjustment Cogs
10017,3890785.636190000000,2024-Q3,COGS
10007,383.594864150000,2024-Q3,Gaap Doi
10071,313165.659400000000,2024-Q3,Ending Gross Inventory
10030,19776.615800000000,2024-Q3,Standard COGS
10020,1180.988720000000,2024-Q3,Gaap Adjustment Cogs
10055,4458.240000000000,2024-Q1,Ending Gross Inventory
10096,-33.261081020000,2024-Q2,Gaap Doi
10041,268748.698650000000,2024-Q3,Gaap Actual Cogs
10084,2706122.794455000000,2024-Q1,Standard COGS
10088,5042.512270000000,2024-Q3,Gaap Adjustment Cogs
10085,-105104.351494600000,2024-Q1,Gaap Actual Cogs
10034,1297869.803983500000,2024-Q3,Net Inventory
10037,105600.670634200000,2024-Q3,COGS
10070,1025201.598975000000,2024-Q3,Gaap Actual Cogs
10059,229.804659520000,2024-Q3,Gaap Doi
10029,8923.788320000000,2024-Q3,Gaap Adjustment Cogs
10012,86955.151425000000,2024-Q3,Ending Gross Inventory
10061,54.940000000000,2024-Q1,Standard COGS
10078,-2.194552960000,2024-Q1,Gaap Doi
10019,74004.669550000000,2024-Q3,Net Inventory
10015,135165.292770000000,2024-Q1,Gaap Actual Cogs
10053,27.305483200000,2024-Q2,DOI
10063,-181.878478000000,2024-Q2,Net Inventory
10026,33654.000000000000,2024-Q1,COGS
10087,0.000000000000,2024-Q3,Gaap Actual Cogs
10049,1418559.338420000000,2024-Q1,Gaap Actual Cogs
10026,17196786.772680000000,2024-Q1,Gaap Actual Cogs
10034,522.609257300000,2024-Q1,Gaap Doi
10095,1302933.322052500000,2024-Q3,Net Inventory
10045,1685075.074470000000,2024-Q2,Gaap Actual Cogs
10039,17685641.427040000000,2024-Q1,Gaap Actual Cogs
10041,41778.905810000000,2024-Q1,Gaap Actual Cogs
10067,447170.137750000000,2024-Q3,Standard COGS
10066,-20612.055000000000,2024-Q1,Inventory Adjustments
10093,50683.960290000000,2024-Q3,Inventory Adjustments
10034,124464.012595500000,2024-Q3,Inventory Adjustments
10003,9.451845000000,2024-Q1,Inventory Adjustments
10096,-7267.065000000000,2024-Q2,Inventory Adjustments
10095,16387.840941000000,2024-Q3,Inventory Adjustments
10026,9059.129142000000,2024-Q3,Inventory Adjustments
10099,85.611922500000,2024-Q1,Inventory Adjustments
10031,25.017267000000,2024-Q3,Inventory Adjustments
10007,24368.400000000000,2024-Q3,Inventory Adjustments
10086,6687.780000000000,2024-Q1,Inventory Adjustments
10050,7346.952382000000,2024-Q3,Inventory Adjustments
10050,1032793.974580000000,2024-Q3,Inventory Adjustments
10079,7680.343882000000,2024-Q3,Inventory Adjustments
10019,46367.762800000000,2024-Q2,Inventory Adjustments
10053,1754.548141500000,2024-Q3,Inventory Adjustments
10019,7874.856620000000,2024-Q1,Inventory Adjustments
10100,-74814.000000000000,2024-Q3,Inventory Adjustments
10096,-49969.230000000000,2024-Q1,Inventory Adjustments
10049,6608.461462000000,2024-Q3,Inventory Adjustments
10035,3.418272000000,2024-Q1,Inventory Adjustments
10036,10811.370439000000,2024-Q1,Inventory Adjustments
10085,4550.106930000000,2024-Q1,Inventory Adjustments
10046,3643.180000000000,2024-Q1,Inventory Adjustments
10006,607.350000000000,2024-Q3,Inventory Adjustments
10007,2106.737927000000,2024-Q1,Inventory Adjustments
10015,-24332.440000000000,2024-Q3,Inventory Adjustments
10059,1171.899072000000,2024-Q3,Inventory Adjustments
10060,-412934.820000000000,2024-Q3,Inventory Adjustments
10077,-332268.420000000000,2024-Q1,Inventory Adjustments
10018,-3.240524000000,2024-Q3,Inventory Adjustments
10041,-767854.290000000000,2024-Q3,Inventory Adjustments
10006,-7999743.120000000000,2024-Q3,Inventory Adjustments
10024,-69.260000000000,2024-Q1,Inventory Adjustments
10005,17163398.373470000000,2024-Q2,Inventory Adjustments
10023,204.115470000000,2024-Q2,Inventory Adjustments
10055,8837.423071500000,2024-Q3,Inventory Adjustments
10034,3239127.915845000000,2024-Q3,Inventory Adjustments
10090,3609.316904000000,2024-Q1,Inventory Adjustments
10066,30757.360000000000,2024-Q1,Inventory Adjustments
10090,468.150000000000,2024-Q3,Inventory Adjustments
10071,2752.820000000000,2024-Q3,Inventory Adjustments
10043,61429.140525000000,2024-Q1,Inventory Adjustments
10025,107539.497280000000,2024-Q1,Inventory Adjustments
10034,11470422.289115000000,2024-Q2,Inventory Adjustments
10062,8131.073995000000,2024-Q1,Inventory Adjustments
10047,598.715575000000,2024-Q1,Inventory Adjustments
10077,816.931350000000,2024-Q3,Inventory Adjustments
10045,32749.930000000000,2024-Q2,Inventory Adjustments
10082,48430.565460000000,2024-Q3,Inventory Adjustments
10035,48.545674000000,2024-Q1,Inventory Adjustments
10039,-4114.080000000000,2024-Q1,Inventory Adjustments
10090,13262.615264000000,2024-Q2,Inventory Adjustments
10074,34041.200000000000,2024-Q2,Inventory Adjustments
10073,-84348.420000000000,2024-Q2,Inventory Adjustments
10016,2536.501739000000,2024-Q2,Inventory Adjustments
10023,705.945970000000,2024-Q1,Inventory Adjustments
10078,1725.944528000000,2024-Q3,Inventory Adjustments
10006,0.000000000000,2024-Q1,Inventory Adjustments
10054,3502.831678500000,2024-Q1,Inventory Adjustments
10038,29628.151528000000,2024-Q3,Inventory Adjustments
10048,44091.703732000000,2024-Q1,Inventory Adjustments
10079,1922.475000000000,2024-Q2,Inventory Adjustments
10052,12751.217857500000,2024-Q3,Inventory Adjustments
10030,1568.920000000000,2024-Q2,Inventory Adjustments
10021,88795.425000000000,2024-Q1,COGS
10019,0.000000000000,2024-Q1,Standard COGS
10035,0.000000000000,2024-Q3,Gaap Adjustment Cogs
10021,0.000000000000,2024-Q1,COGS
10071,1091257.192640000000,2024-Q2,COGS
10016,1440266.007000000000,2024-Q3,Gaap Actual Cogs
10020,0.000000000000,2024-Q1,DOI
10074,159.900387000000,2024-Q3,Net Inventory
10088,454.878362000000,2024-Q1,Inventory Adjustments
10082,203.463663000000,2024-Q1,Inventory Adjustments
10085,14.881708000000,2024-Q1,Inventory Adjustments
10085,-614594.400000000000,2024-Q3,Inventory Adjustments
10076,-304762.720000000000,2024-Q3,Inventory Adjustments
10042,1090.408539000000,2024-Q2,Inventory Adjustments
10051,27852.738076000000,2024-Q2,Inventory Adjustments
10063,0.000000000000,2024-Q3,Gaap Doi
10019,0.000000000000,2024-Q1,Gaap Adjustment Cogs
10031,0.000000000000,2024-Q3,Standard COGS
10073,0.000000000000,2024-Q3,Gaap Doi
10043,105852668.290364000000,2024-Q3,Net Inventory
10078,245.048850580000,2024-Q2,DOI
10045,3065.239600000000,2024-Q3,Gaap Adjustment Cogs
10053,88780.242000000000,2024-Q3,COGS
10034,0.000000000000,2024-Q2,Net Inventory
10073,0.000000000000,2024-Q1,COGS
10016,0.000000000000,2024-Q2,Gaap Adjustment Cogs
10053,258.611929700000,2024-Q1,Gaap Doi
10011,0.000000000000,2024-Q3,Gaap Adjustment Cogs
10078,0.000000000000,2024-Q3,Gaap Adjustment Cogs
10096,0.000000000000,2024-Q3,Net Inventory
10050,0.000000000000,2024-Q3,Gaap Actual Cogs
10088,0.000000000000,2024-Q3,Gaap Adjustment Cogs
10054,0.000000000000,2024-Q1,Gaap Doi
10082,37.240000000000,2024-Q1,Net Inventory
10074,383818.440566000000,2024-Q3,Net Inventory
10087,803.915436720000,2024-Q3,Gaap Doi
10094,0.000000000000,2024-Q3,Gaap Doi
10074,0.000000000000,2024-Q2,Ending Gross Inventory
10017,0.000000000000,2024-Q3,Gaap Actual Cogs
10001,11935.352380000000,2024-Q1,Gaap Adjustment Cogs
10061,1845498.507288800000,2024-Q2,Gaap Actual Cogs
10067,3988.818920000000,2024-Q1,Gaap Adjustment Cogs
10070,0.000000000000,2024-Q3,COGS
10041,0.000000000000,2024-Q3,Standard COGS
10045,5452.389300000000,2024-Q3,Gaap Adjustment Cogs
10081,2413853.970480000000,2024-Q3,Gaap Actual Cogs
10012,11084620.162020000000,2024-Q3,Gaap Actual Cogs
10014,0.000000000000,2024-Q1,COGS
10077,6498.150610000000,2024-Q1,Gaap Adjustment Cogs
10017,7565874.136035000000,2024-Q3,COGS
10056,0.000000000000,2024-Q3,Gaap Doi
10056,0.000000000000,2024-Q1,Gaap Doi
10090,0.000000000000,2024-Q1,Gaap Adjustment Cogs
10052,114548.963725000000,2024-Q1,Net Inventory
10076,201118.634970000000,2024-Q3,Net Inventory
10096,0.000000000000,2024-Q1,DOI
10086,2956.995000000000,2024-Q3,COGS
10010,1.654787440000,2024-Q1,Gaap Doi
10072,213.255987720000,2024-Q1,Gaap Doi
10014,175.466644865000,2024-Q3,Gaap Doi
10018,1170663.241915500000,2024-Q1,Net Inventory
10002,0.000000000000,2024-Q1,Gaap Adjustment Cogs
10062,205.113018040000,2024-Q3,Gaap Doi
10065,31555.393320000000,2024-Q1,Gaap Adjustment Cogs
10074,678199.799099000000,2024-Q3,Net Inventory
10095,0.000000000000,2024-Q1,Gaap Actual Cogs
10030,342028.804680000000,2024-Q1,Ending Gross Inventory
10060,3686686.053252000000,2024-Q3,Net Inventory
10053,3171298.983940000000,2024-Q1,Ending Gross Inventory
10076,0.000000000000,2024-Q2,COGS
10038,280352.374800000000,2024-Q1,COGS
10020,1151353.698583500000,2024-Q1,Standard COGS
10018,49.731966210000,2024-Q3,Gaap Doi
10028,6042.153600000000,2024-Q3,Ending Gross Inventory
10050,0.581255820000,2024-Q3,DOI
10052,55292.812400000000,2024-Q3,COGS
10059,0.000000000000,2024-Q1,COGS
10031,51882.202822500000,2024-Q3,Net Inventory
10050,0.000000000000,2024-Q1,Gaap Actual Cogs
10051,0.000000000000,2024-Q2,Gaap Doi
10073,1167.500000000000,2024-Q3,Ending Gross Inventory
10060,0.000000000000,2024-Q3,Gaap Actual Cogs
10052,5317321.248875000000,2024-Q2,Ending Gross Inventory
10047,618252.313270000000,2024-Q3,COGS
10067,29837.066500000000,2024-Q3,Gaap Actual Cogs
10037,2193829.500000000000,2024-Q2,COGS
10036,250112.118837200000,2024-Q1,Gaap Actual Cogs
10034,1421.844373520000,2024-Q3,Gaap Doi
10013,429.391484460000,2024-Q2,Gaap Doi
10019,0.000000000000,2024-Q2,Gaap Actual Cogs
10012,0.000000000000,2024-Q3,Gaap Adjustment Cogs
10049,0.000000000000,2024-Q3,DOI
10094,0.000000000000,2024-Q1,Ending Gross Inventory
10061,0.000000000000,2024-Q1,COGS
10030,0.000000000000,2024-Q3,DOI
10093,0.000000000000,2024-Q3,Gaap Actual Cogs
10061,-86544.433035000000,2024-Q3,Net Inventory
10063,0.000000000000,2024-Q3,Gaap Doi
10096,363480.795700000000,2024-Q3,Ending Gross Inventory
10031,16.302224000000,2024-Q1,Net Inventory
10100,0.000000000000,2024-Q3,DOI
10063,0.000000000000,2024-Q1,COGS
10094,29258.350000000000,2024-Q1,COGS
10072,-2471.918595000000,2024-Q3,Gaap Actual Cogs
10014,11596.180000000000,2024-Q3,Standard COGS
10003,0.000000000000,2024-Q2,Gaap Doi
10013,0.000000000000,2024-Q1,Standard COGS
10085,1306651.011516000000,2024-Q1,Net Inventory
10029,338376.169700000000,2024-Q3,Gaap Actual Cogs
10047,126.772938480000,2024-Q1,DOI
10082,1052374.223220000000,2024-Q1,Ending Gross Inventory
10086,0.000000000000,2024-Q3,Gaap Adjustment Cogs
10039,3003.620152500000,2024-Q3,Net Inventory
10048,334139.693600000000,2024-Q1,Ending Gross Inventory
10044,36772.245712500000,2024-Q1,Net Inventory
10012,13954120.560750500000,2024-Q3,COGS
10004,3696.272830000000,2024-Q3,Gaap Adjustment Cogs
10020,164.862667510000,2024-Q1,Gaap Doi
10089,39000.064472000000,2024-Q3,Net Inventory
10066,348517.595080000000,2024-Q3,Standard COGS
10008,34312.933170000000,2024-Q3,Ending Gross Inventory
10004,18.545468640000,2024-Q3,DOI
10091,4655175.000000000000,2024-Q3,Ending Gross Inventory
10046,282126.683400000000,2024-Q3,Standard COGS
10054,68405537.720030000000,2024-Q3,Net Inventory
10060,3295219.742640000000,2024-Q1,Ending Gross Inventory
10003,5652054.589288250000,2024-Q1,COGS
10043,2893040.157280000000,2024-Q2,Standard COGS
10056,2771463.446084000000,2024-Q1,Net Inventory
10049,281760.518900000000,2024-Q3,Gaap Adjustment Cogs
10061,439.371258420000,2024-Q3,Gaap Doi
10058,300195.028131000000,2024-Q3,Net Inventory
10088,81.749428540000,2024-Q2,DOI
10001,57.551705380000,2024-Q3,Gaap Doi
10003,1501239.087112000000,2024-Q1,Net Inventory
10050,1154499.367000000000,2024-Q1,COGS
10049,161.980833000000,2024-Q3,DOI
10086,457014.715000000000,2024-Q2,COGS
10098,432942.475452000000,2024-Q3,Net Inventory
10048,134.526969080000,2024-Q3,Gaap Doi
10066,552356.943006600000,2024-Q3,COGS
10012,34092.735523500000,2024-Q3,Net Inventory
10016,22861561.070500000000,2024-Q1,Net Inventory
10082,1550.012550750000,2024-Q2,DOI
10022,15792.062880000000,2024-Q3,Standard COGS
10022,0.000000000000,2024-Q3,COGS
10026,857074.427494200000,2024-Q2,Standard COGS
10089,0.000000000000,2024-Q3,DOI
10037,0.000000000000,2024-Q3,COGS
10075,0.000000000000,2024-Q1,Standard COGS
10006,0.000000000000,2024-Q3,Gaap Adjustment Cogs
10015,59221.560000000000,2024-Q1,Ending Gross Inventory
10056,0.000000000000,2024-Q3,COGS
10054,84.067314200000,2024-Q3,Gaap Doi
10081,116719.380000000000,2024-Q3,COGS
10047,264.268386500000,2024-Q1,DOI
10089,299786.839350000000,2024-Q3,COGS
10068,157470.160000000000,2024-Q1,Standard COGS
10002,5.083699355000,2024-Q3,Gaap Doi
10047,26.850353010000,2024-Q3,Gaap Doi
10093,8259.629640000000,2024-Q3,Gaap Adjustment Cogs
10006,123921.580000000000,2024-Q1,COGS
10053,-964.371440480000,2024-Q3,Gaap Doi
10034,48815.279028000000,2024-Q1,Net Inventory
10072,1599.021621875000,2024-Q3,Gaap Doi
10089,93.925000000000,2024-Q3,Inventory Adjustments
10023,-20861.160000000000,2024-Q3,Inventory Adjustments
10043,-24080.310000000000,2024-Q2,Inventory Adjustments
10013,5905.836364000000,2024-Q2,Inventory Adjustments
10040,-383.568132000000,2024-Q3,Inventory Adjustments
10076,-42597.040000000000,2024-Q3,Inventory Adjustments
10071,1764.970000000000,2024-Q3,Inventory Adjustments
10030,11.533564000000,2024-Q2,Inventory Adjustments
10043,137.613022000000,2024-Q2,Inventory Adjustments
10083,-7856802.120000000000,2024-Q3,Inventory Adjustments
10026,404.143885000000,2024-Q2,Inventory Adjustments
10097,-309522.015000000000,2024-Q3,Inventory Adjustments
10090,1.350000000000,2024-Q3,Inventory Adjustments
10029,157176.349237500000,2024-Q3,Inventory Adjustments
10096,3190.985160000000,2024-Q2,Inventory Adjustments
10044,286.981126000000,2024-Q2,Inventory Adjustments
10049,2353.066565000000,2024-Q3,Inventory Adjustments
10015,2631.040000000000,2024-Q3,Inventory Adjustments
10007,6724.815000000000,2024-Q3,Inventory Adjustments
10092,38679.519986000000,2024-Q1,Inventory Adjustments
10021,224715.892904000000,2024-Q1,Inventory Adjustments
10095,226255.372435000000,2024-Q1,Inventory Adjustments
10099,101153.479316000000,2024-Q3,Inventory Adjustments
10033,2022.835545000000,2024-Q2,Inventory Adjustments
10040,-2.460000000000,2024-Q3,Inventory Adjustments
10054,1892.450000000000,2024-Q3,Inventory Adjustments
10067,-2260.771677000000,2024-Q3,Inventory Adjustments
10051,33.402660000000,2024-Q3,Inventory Adjustments
10072,1501.522819000000,2024-Q1,Inventory Adjustments
10045,74.507127500000,2024-Q2,Inventory Adjustments
10029,746.989735000000,2024-Q3,Inventory Adjustments
10076,5881.440000000000,2024-Q3,Inventory Adjustments
10013,13080.955910000000,2024-Q1,Inventory Adjustments
10036,25789.663390000000,2024-Q3,Inventory Adjustments
10070,66.257703500000,2024-Q3,Inventory Adjustments
10016,6.018314000000,2024-Q3,Inventory Adjustments
10085,153491.124259500000,2024-Q1,Inventory Adjustments
10073,15739.617916000000,2024-Q1,Inventory Adjustments
10021,-1134.260000000000,2024-Q3,Inventory Adjustments
10067,157.347490000000,2024-Q3,Inventory Adjustments
10083,75159.240878000000,2024-Q1,Inventory Adjustments
10052,12184.772709000000,2024-Q2,Inventory Adjustments
10048,-15342.802042000000,2024-Q1,Inventory Adjustments
10044,4825.237694000000,2024-Q1,Inventory Adjustments
10044,4999.554260000000,2024-Q2,Inventory Adjustments
10084,-7228.500000000000,2024-Q1,Inventory Adjustments
10007,7101.447292000000,2024-Q1,Inventory Adjustments
10058,37652.228172000000,2024-Q1,Inventory Adjustments
10014,3.081082000000,2024-Q1,Inventory Adjustments
10046,173798.778177000000,2024-Q2,Inventory Adjustments
10044,56.010180000000,2024-Q1,Inventory Adjustments
10070,-313.530000000000,2024-Q3,Inventory Adjustments
10062,4201.813602500000,2024-Q1,Inventory Adjustments
10033,11618.241986000000,2024-Q1,Inventory Adjustments
10010,-4.158476000000,2024-Q2,Inventory Adjustments
10012,14128.033395000000,2024-Q3,Inventory Adjustments
10018,-414214.940000000000,2024-Q1,Inventory Adjustments
10084,78.560000000000,2024-Q3,Inventory Adjustments
10086,9723.900000000000,2024-Q2,Inventory Adjustments
10084,477.482237000000,2024-Q3,Inventory Adjustments
10081,38391.427464000000,2024-Q3,Inventory Adjustments
10029,26230.680646500000,2024-Q1,Inventory Adjustments
10042,893.307332000000,2024-Q2,Inventory Adjustments
10084,101.578701000000,2024-Q3,Inventory Adjustments
10042,4566.920232000000,2024-Q3,Inventory Adjustments
10038,20793.705397500000,2024-Q2,Inventory Adjustments
10033,18.181213000000,2024-Q3,Inventory Adjustments
10040,68.530404000000,2024-Q3,Inventory Adjustments
10059,40032.646152000000,2024-Q3,Inventory Adjustments
10091,5376.694602500000,2024-Q3,Inventory Adjustments
10076,4494.369147000000,2024-Q2,Inventory Adjustments
10003,6276571.069997000000,2024-Q1,Gaap Actual Cogs
10066,0.000000000000,2024-Q1,Standard COGS
10087,7396800.101218000000,2024-Q3,Net Inventory
10083,359.175235720000,2024-Q3,DOI
10046,455530.340050000000,2024-Q3,Gaap Adjustment Cogs
10034,839.525000000000,2024-Q3,Inventory Adjustments
10070,301547.547176000000,2024-Q3,Inventory Adjustments
10090,512.621760000000,2024-Q1,Inventory Adjustments
10084,497.740442000000,2024-Q3,Inventory Adjustments
10042,133.539570000000,2024-Q1,Inventory Adjustments
10036,2184.291512000000,2024-Q3,Inventory Adjustments
10051,2715.965094000000,2024-Q1,Inventory Adjustments
10089,415951.172940000000,2024-Q1,Inventory Adjustments
10058,-5437.800000000000,2024-Q3,Inventory Adjustments
10086,2995.569164000000,2024-Q1,Inventory Adjustments
10060,0.013335500000,2024-Q1,Inventory Adjustments
10012,-1307.251432500000,2024-Q3,Inventory Adjustments
10067,13.803519000000,2024-Q1,Inventory Adjustments
10090,2314.539060000000,2024-Q3,Inventory Adjustments
10064,-99076.932040000000,2024-Q3,Inventory Adjustments
10041,132745.090650000000,2024-Q2,Inventory Adjustments
10053,12749.802967500000,2024-Q3,Inventory Adjustments
10049,-999.090000000000,2024-Q1,Inventory Adjustments
10001,-86607.885000000000,2024-Q3,Inventory Adjustments
10059,1079.701914000000,2024-Q1,Inventory Adjustments
10029,3195780.994018000000,2024-Q3,Inventory Adjustments
10044,-44654.880000000000,2024-Q2,Inventory Adjustments
10040,87679.454228000000,2024-Q3,Inventory Adjustments
10073,1778.971674000000,2024-Q3,Inventory Adjustments
10053,-1650.255000000000,2024-Q1,Inventory Adjustments
10055,34813.000000000000,2024-Q1,Period Cost
10041,84.000000000000,2024-Q2,Period Cost
10060,25038.000000000000,2024-Q3,Period Cost
10006,40.500000000000,2024-Q3,Period Cost
10051,138.000000000000,2024-Q1,Period Cost
10037,27952.000000000000,2024-Q3,Period Cost
10088,642.000000000000,2024-Q3,Period Cost
10057,-1276.000000000000,2024-Q2,Period Cost
10080,4550.000000000000,2024-Q1,Period Cost
10028,9155.000000000000,2024-Q1,Period Cost
10072,-7796.000000000000,2024-Q3,Period Cost
10073,2.000000000000,2024-Q1,Period Cost
10040,1820.000000000000,2024-Q2,Period Cost
10052,-316320.000000000000,2024-Q1,Period Cost
10076,14195.000000000000,2024-Q2,Period Cost
10039,169120.000000000000,2024-Q2,Period Cost
10068,42952.500000000000,2024-Q2,Period Cost
10028,578.000000000000,2024-Q1,Period Cost
10075,284.000000000000,2024-Q1,Period Cost
10007,28032.000000000000,2024-Q3,Period Cost
10050,111.000000000000,2024-Q1,Period Cost
10086,2660.000000000000,2024-Q3,Period Cost
10070,-272302.500000000000,2024-Q1,Period Cost
10024,40740.000000000000,2024-Q3,Period Cost
10052,1401.000000000000,2024-Q3,Period Cost
10068,965.000000000000,2024-Q1,Period Cost
10066,13651.000000000000,2024-Q1,Period Cost
10005,106.000000000000,2024-Q2,Period Cost
10040,-24639.000000000000,2024-Q3,Period Cost
10002,1.500000000000,2024-Q1,Period Cost
10011,95.000000000000,2024-Q3,Period Cost
10046,1260.000000000000,2024-Q1,Period Cost
10023,37012.000000000000,2024-Q1,Period Cost
10047,69.000000000000,2024-Q3,Period Cost
10045,5532.000000000000,2024-Q1,Period Cost
10061,1346.000000000000,2024-Q1,Period Cost
10083,-22077.000000000000,2024-Q3,Period Cost
10023,-138339.000000000000,2024-Q3,Period Cost
10002,20.000000000000,2024-Q3,Period Cost
10041,480.000000000000,2024-Q1,Period Cost
10009,16.000000000000,2024-Q1,Period Cost
10063,13183.000000000000,2024-Q3,Period Cost
10056,-360380.000000000000,2024-Q1,Period Cost
10003,-32.000000000000,2024-Q3,Period Cost
10012,8224.000000000000,2024-Q1,Period Cost
10084,11534.500000000000,2024-Q3,Period Cost
10019,2.000000000000,2024-Q1,Period Cost
10083,1792.000000000000,2024-Q3,Period Cost
10015,66670.000000000000,2024-Q3,Period Cost
10093,-8637050.000000000000,2024-Q3,Period Cost
10089,6.000000000000,2024-Q1,Period Cost
10001,423.000000000000,2024-Q2,Period Cost
10033,416.000000000000,2024-Q2,Period Cost
10067,3740.000000000000,2024-Q3,Period Cost
10047,-266018.000000000000,2024-Q3,Period Cost
10005,42824.000000000000,2024-Q3,Period Cost
10034,52.000000000000,2024-Q3,Period Cost
10062,12.000000000000,2024-Q2,Period Cost
10030,-314373.000000000000,2024-Q1,Period Cost
10065,2.500000000000,2024-Q1,Period Cost
10022,-12066.000000000000,2024-Q3,Period Cost
10037,-25.500000000000,2024-Q1,Period Cost
10007,2685.000000000000,2024-Q1,Period Cost
10008,-256.500000000000,2024-Q3,Period Cost
10037,-4.000000000000,2024-Q1,Period Cost
10024,9700.500000000000,2024-Q3,Period Cost
10080,10096.000000000000,2024-Q3,Period Cost
10098,283.000000000000,2024-Q2,Period Cost
10057,5.000000000000,2024-Q3,Period Cost
10079,1345.500000000000,2024-Q2,Period Cost
10017,1149.000000000000,2024-Q1,Period Cost
10024,-91476.000000000000,2024-Q1,Period Cost
10030,279.000000000000,2024-Q1,Period Cost
10021,26658.000000000000,2024-Q3,Period Cost
10040,3740.000000000000,2024-Q2,Period Cost
10071,22777226.000000000000,2024-Q1,Period Cost
10038,894.000000000000,2024-Q3,Period Cost
10004,-3.000000000000,2024-Q1,Period Cost
10075,2172.000000000000,2024-Q1,Period Cost
10073,16.000000000000,2024-Q1,Period Cost
10004,-159078.000000000000,2024-Q1,Period Cost
10092,-7844.000000000000,2024-Q1,Period Cost
10014,325110.000000000000,2024-Q1,Period Cost
10047,48165.000000000000,2024-Q1,Period Cost
10046,10092.500000000000,2024-Q3,Period Cost
10046,2270.000000000000,2024-Q1,Period Cost
10078,2.500000000000,2024-Q3,Period Cost
10074,-1471.500000000000,2024-Q1,Period Cost
10058,6.000000000000,2024-Q3,Period Cost
10056,-2616.000000000000,2024-Q1,Period Cost
10074,56.000000000000,2024-Q3,Period Cost
10025,12.000000000000,2024-Q1,Period Cost
10066,-512760.000000000000,2024-Q1,Period Cost
10077,412.000000000000,2024-Q2,Period Cost
10063,-352446.000000000000,2024-Q1,Period Cost
10009,1260.000000000000,2024-Q3,Period Cost
10019,16656.000000000000,2024-Q3,Period Cost
10098,216.000000000000,2024-Q3,Period Cost
10085,2.000000000000,2024-Q3,Period Cost
10096,29028.000000000000,2024-Q3,Period Cost
10022,899.500000000000,2024-Q3,Period Cost
10089,-23133.000000000000,2024-Q3,Period Cost
10061,-5787.000000000000,2024-Q3,Period Cost
10088,306.000000000000,2024-Q2,Period Cost
10016,110.000000000000,2024-Q3,Period Cost
10078,125700.000000000000,2024-Q1,Period Cost
10082,30.000000000000,2024-Q3,Period Cost
10074,-300.000000000000,2024-Q3,Period Cost
10038,-21.000000000000,2024-Q1,Period Cost
10096,190.000000000000,2024-Q1,Period Cost
10013,-261.000000000000,2024-Q1,Period Cost
10062,-1216.000000000000,2024-Q3,Period Cost
10027,147760.000000000000,2024-Q3,Period Cost
10033,120.000000000000,2024-Q3,Period Cost
10017,2870.000000000000,2024-Q2,Period Cost
10062,3.000000000000,2024-Q3,Period Cost
10026,20914.000000000000,2024-Q1,Period Cost
10059,19.000000000000,2024-Q3,Period Cost
10069,62.500000000000,2024-Q3,Period Cost
10083,56.000000000000,2024-Q3,Period Cost
10022,37268.000000000000,2024-Q1,Period Cost
10015,2752.000000000000,2024-Q3,Period Cost
10005,-26460.000000000000,2024-Q2,Period Cost
10006,124.000000000000,2024-Q3,Period Cost
10053,-464172.000000000000,2024-Q3,Period Cost
10034,140.000000000000,2024-Q3,Period Cost
10100,73.500000000000,2024-Q1,Period Cost
10017,1606684.000000000000,2024-Q3,Period Cost
10087,408.000000000000,2024-Q3,Period Cost
10036,246.000000000000,2024-Q2,Period Cost
10008,99.000000000000,2024-Q1,Period Cost
10054,-433254.000000000000,2024-Q1,Period Cost
10050,2967.000000000000,2024-Q1,Period Cost
10044,1298790.000000000000,2024-Q3,Period Cost
10062,56.000000000000,2024-Q1,Period Cost
10069,86.500000000000,2024-Q3,Period Cost
10058,350154.000000000000,2024-Q2,Period Cost
10062,1051.000000000000,2024-Q3,Period Cost
10039,2620.000000000000,2024-Q1,Period Cost
10071,39744.000000000000,2024-Q1,Period Cost
10031,-6954.000000000000,2024-Q3,Period Cost
10029,-2416.000000000000,2024-Q2,Period Cost
10060,920.000000000000,2024-Q2,Period Cost
10050,1617762.500000000000,2024-Q1,Period Cost
10061,-8763.000000000000,2024-Q1,Period Cost
10020,1375.000000000000,2024-Q2,Period Cost
10041,-456.000000000000,2024-Q1,Period Cost
10013,206976.000000000000,2024-Q3,Period Cost
10002,15882.000000000000,2024-Q1,Period Cost
10050,196564.000000000000,2024-Q3,Period Cost
10004,565.000000000000,2024-Q3,Period Cost
10087,-54.000000000000,2024-Q3,Period Cost
10027,536.000000000000,2024-Q3,Period Cost
10044,195.000000000000,2024-Q3,Period Cost
10092,3732.000000000000,2024-Q3,Period Cost
10042,21.000000000000,2024-Q3,Period Cost
10077,2402.500000000000,2024-Q3,Period Cost
10052,-42.000000000000,2024-Q3,Period Cost
10067,1136.000000000000,2024-Q3,Period Cost
10022,120674.000000000000,2024-Q2,Period Cost
10048,6257.500000000000,2024-Q3,Period Cost
10054,67.500000000000,2024-Q3,Period Cost
10016,24.000000000000,2024-Q2,Period Cost
10028,2182.000000000000,2024-Q3,Period Cost
10092,670.000000000000,2024-Q2,Period Cost
10085,1490.000000000000,2024-Q2,Period Cost
10037,63066.000000000000,2024-Q3,Period Cost
10028,10.000000000000,2024-Q3,Period Cost
10026,100236.000000000000,2024-Q1,Period Cost
10081,0.500000000000,2024-Q3,Period Cost
10034,-744.000000000000,2024-Q1,Period Cost
10012,6227.500000000000,2024-Q1,Period Cost
10051,1810.000000000000,2024-Q1,Period Cost
10070,100394.000000000000,2024-Q3,Period Cost
10094,-14.000000000000,2024-Q1,Period Cost
10051,46.000000000000,2024-Q1,Period Cost
10086,1552.000000000000,2024-Q1,Period Cost
10026,13.500000000000,2024-Q1,Period Cost
10040,6951506.000000000000,2024-Q3,Period Cost
10099,2248.500000000000,2024-Q1,Period Cost
10085,165.000000000000,2024-Q3,Period Cost
10041,382.500000000000,2024-Q3,Period Cost
10063,-765.000000000000,2024-Q1,Period Cost
10011,27.500000000000,2024-Q3,Period Cost
10076,-456.000000000000,2024-Q1,Period Cost
10097,6756.000000000000,2024-Q3,Period Cost
10048,331510.000000000000,2024-Q1,Period Cost
10078,12238.667058000000,2024-Q2,Inventory Adjustments
10005,824.411924000000,2024-Q1,Inventory Adjustments
10047,0.000000000000,2024-Q1,Inventory Adjustments
10090,104.730204000000,2024-Q3,Inventory Adjustments
10060,714.975000000000,2024-Q1,Inventory Adjustments
10016,38.816884000000,2024-Q1,Inventory Adjustments
10092,0.087771000000,2024-Q3,Inventory Adjustments
10095,251413.553672000000,2024-Q3,Inventory Adjustments
10010,-45685.410000000000,2024-Q1,Inventory Adjustments
10067,3661.712814000000,2024-Q1,Inventory Adjustments
10004,9.940539000000,2024-Q3,Inventory Adjustments
10078,11479.641703000000,2024-Q1,Inventory Adjustments
10049,-561746.790000000000,2024-Q2,Inventory Adjustments
10050,3.407884000000,2024-Q3,Inventory Adjustments
10064,77.305972000000,2024-Q1,Inventory Adjustments
10100,4375.960000000000,2024-Q2,Inventory Adjustments
10086,71168.996521000000,2024-Q1,Inventory Adjustments
10021,9684.000000000000,2024-Q3,Period Cost
10015,-24660.000000000000,2024-Q1,Period Cost
10006,3065.000000000000,2024-Q1,Period Cost
10078,2159562.500000000000,2024-Q3,Period Cost
10055,145.000000000000,2024-Q3,Period Cost
10057,352835.000000000000,2024-Q3,Period Cost
10058,31.500000000000,2024-Q1,Period Cost
10088,975.000000000000,2024-Q1,Period Cost
10099,27.000000000000,2024-Q3,Period Cost
10076,1.000000000000,2024-Q1,Period Cost
10052,-152696.000000000000,2024-Q2,Period Cost
10012,2.500000000000,2024-Q2,Period Cost
10038,-486.000000000000,2024-Q3,Period Cost
10086,1702.000000000000,2024-Q1,Period Cost
10077,7292.000000000000,2024-Q3,Period Cost
10045,1.500000000000,2024-Q3,Period Cost
10083,256.500000000000,2024-Q3,Period Cost
10036,114836.000000000000,2024-Q3,Period Cost
10049,746.000000000000,2024-Q3,Period Cost
10005,667354.000000000000,2024-Q3,Period Cost
10025,12804.000000000000,2024-Q3,Period Cost
10041,-211524.000000000000,2024-Q1,Period Cost
10016,25144.000000000000,2024-Q1,Period Cost
10075,1057.500000000000,2024-Q3,Period Cost
10019,226290.000000000000,2024-Q2,Period Cost
10030,15.000000000000,2024-Q3,Period Cost
10022,3.000000000000,2024-Q2,Period Cost
10072,-25352.000000000000,2024-Q2,Period Cost
10059,152116.000000000000,2024-Q2,Period Cost
10090,-132.000000000000,2024-Q1,Period Cost
10006,288.000000000000,2024-Q3,Period Cost
10090,105.000000000000,2024-Q1,Period Cost
10087,5485.000000000000,2024-Q1,Period Cost
10036,-1188.000000000000,2024-Q3,Period Cost
10030,-24.000000000000,2024-Q2,Period Cost
10030,162.000000000000,2024-Q1,Period Cost
10028,-868.000000000000,2024-Q3,Period Cost
10083,3446.000000000000,2024-Q1,Period Cost
10008,4252.000000000000,2024-Q3,Period Cost
10007,3198957.000000000000,2024-Q3,Period Cost
10045,16.500000000000,2024-Q1,Period Cost
10042,-1624.000000000000,2024-Q2,Period Cost
10010,5252.000000000000,2024-Q1,Period Cost
10029,-237882.000000000000,2024-Q3,Period Cost
10026,310.000000000000,2024-Q3,Period Cost
10043,10986.000000000000,2024-Q3,Period Cost
10099,17.000000000000,2024-Q3,Period Cost
10011,876.000000000000,2024-Q2,Period Cost
10052,486.000000000000,2024-Q2,Period Cost
10023,30.000000000000,2024-Q1,Period Cost
10016,4990.000000000000,2024-Q1,Period Cost
10097,468.000000000000,2024-Q1,Period Cost
10055,38075.000000000000,2024-Q3,Period Cost
10010,748936.000000000000,2024-Q2,Period Cost
10064,24712.000000000000,2024-Q1,Period Cost
10025,104.000000000000,2024-Q3,Period Cost
10081,-396.000000000000,2024-Q2,Period Cost
10082,41095.000000000000,2024-Q3,Period Cost
10094,-1098.000000000000,2024-Q3,Period Cost
10046,-51292.500000000000,2024-Q1,Period Cost
10066,47258.000000000000,2024-Q3,Period Cost
10092,315.000000000000,2024-Q3,Period Cost
10026,-5832.000000000000,2024-Q3,Period Cost
10031,446060.000000000000,2024-Q1,Period Cost
10029,93670.000000000000,2024-Q1,Period Cost
10071,29345.000000000000,2024-Q2,Period Cost
10016,1438.000000000000,2024-Q3,Period Cost
10029,-16.000000000000,2024-Q3,Period Cost
10051,-15124.500000000000,2024-Q2,Period Cost
10057,2805.000000000000,2024-Q3,Period Cost
10060,-10816.500000000000,2024-Q1,Period Cost
10032,212831.000000000000,2024-Q3,Period Cost
10063,1043008.000000000000,2024-Q3,Period Cost
10041,970.000000000000,2024-Q1,Period Cost
10081,131544.000000000000,2024-Q3,Period Cost
10025,-1716.000000000000,2024-Q1,Period Cost
10094,1188.000000000000,2024-Q1,Period Cost
10062,-675583.500000000000,2024-Q2,Period Cost
10028,218.000000000000,2024-Q3,Period Cost
10086,-12.000000000000,2024-Q2,Period Cost
10020,510.500000000000,2024-Q1,Period Cost
10096,1786.000000000000,2024-Q3,Period Cost
10074,587.000000000000,2024-Q1,Period Cost
10059,50.000000000000,2024-Q3,Period Cost
10042,99.000000000000,2024-Q3,Period Cost
10008,799.000000000000,2024-Q3,Period Cost
10085,21357.000000000000,2024-Q1,Period Cost
10051,3585.000000000000,2024-Q3,Period Cost
10045,7060.000000000000,2024-Q3,Period Cost
10047,1665.000000000000,2024-Q3,Period Cost
10053,3469.000000000000,2024-Q3,Period Cost
10017,7137.000000000000,2024-Q2,Period Cost
10030,1303.500000000000,2024-Q3,Period Cost
10089,-507.000000000000,2024-Q3,Period Cost
10033,-12.000000000000,2024-Q3,Period Cost
10044,-46108.000000000000,2024-Q3,Period Cost
10017,1995.000000000000,2024-Q1,Period Cost
10026,4047.000000000000,2024-Q3,Period Cost
10005,29268.000000000000,2024-Q1,Period Cost
10023,240.000000000000,2024-Q3,Period Cost
10003,9182.000000000000,2024-Q2,Period Cost
10041,279066.000000000000,2024-Q1,Period Cost
10020,2832.500000000000,2024-Q3,Period Cost
10047,4.000000000000,2024-Q1,Period Cost
10074,10200.000000000000,2024-Q2,Period Cost
10077,-6894.000000000000,2024-Q3,Period Cost
10010,1522.000000000000,2024-Q1,Period Cost
10072,723.000000000000,2024-Q3,Period Cost
10017,2013.000000000000,2024-Q3,Period Cost
10097,-98064.000000000000,2024-Q3,Period Cost
10099,-10002.000000000000,2024-Q1,Period Cost
10057,625.500000000000,2024-Q3,Period Cost
10049,-6588.000000000000,2024-Q3,Period Cost
10098,774.500000000000,2024-Q3,Period Cost
10016,-144.000000000000,2024-Q1,Period Cost
10070,387.000000000000,2024-Q3,Period Cost
10077,2.000000000000,2024-Q3,Period Cost
10036,382.500000000000,2024-Q3,Period Cost
10042,-9.000000000000,2024-Q1,Period Cost
10070,65749.000000000000,2024-Q2,Period Cost
10082,359572.000000000000,2024-Q2,Period Cost
10078,15.000000000000,2024-Q3,Period Cost
10051,101962.500000000000,2024-Q1,Period Cost
10062,932.000000000000,2024-Q3,Period Cost
10014,82.500000000000,2024-Q1,Period Cost
10084,62.000000000000,2024-Q2,Period Cost
10072,1260.000000000000,2024-Q2,Period Cost
10008,374058.000000000000,2024-Q1,Period Cost
10052,-1592984.000000000000,2024-Q1,Period Cost
10031,24.000000000000,2024-Q1,Period Cost
10087,3.000000000000,2024-Q1,Period Cost
10066,3684.000000000000,2024-Q3,Period Cost
10051,8.000000000000,2024-Q2,Period Cost
10067,-3224.000000000000,2024-Q3,Period Cost
10099,229407.000000000000,2024-Q1,Period Cost
10089,124.000000000000,2024-Q3,Period Cost
10084,-7216.000000000000,2024-Q3,Period Cost
10044,-182276.000000000000,2024-Q2,Period Cost
10014,72.000000000000,2024-Q1,Period Cost
10006,1560.000000000000,2024-Q3,Period Cost
10083,9140.000000000000,2024-Q3,Period Cost
10098,166696.000000000000,2024-Q3,Period Cost
10083,6080.000000000000,2024-Q1,Period Cost
10037,1.000000000000,2024-Q1,Period Cost
10023,12444.000000000000,2024-Q3,Period Cost
10077,-48716.000000000000,2024-Q3,Period Cost
10055,45.000000000000,2024-Q2,Period Cost
10030,183.000000000000,2024-Q1,Period Cost
10038,1408.000000000000,2024-Q1,Period Cost
10051,3913.000000000000,2024-Q1,Period Cost
10014,36590.000000000000,2024-Q1,Period Cost
10034,435996.000000000000,2024-Q1,Period Cost